[
    {
        "index": 0,
        "path": "exp2_inst@addera",
        "module": "sum_ripple_carry_adder_7_0"
    },
    {
        "index": 1,
        "path": "exp2_inst@adderb",
        "module": "sum_ripple_carry_adder_7_2"
    },
    {
        "index": 2,
        "path": "exp2_inst@adderc",
        "module": "sum_ripple_carry_adder_5_0"
    },
    {
        "index": 3,
        "path": "exp2_inst@adderd",
        "module": "sum_ripple_carry_adder_23_0"
    },
    {
        "index": 4,
        "path": "exp2_inst@adderf",
        "module": "sum_ripple_carry_adder_25_0"
    },
    {
        "index": 5,
        "path": "exp2_inst@constants_sub",
        "module": "sum_ripple_carry_adder_23_0"
    },
    {
        "index": 6,
        "path": "exp2_inst@ieee32_case",
        "module": "exp2_ieee_16"
    },
    {
        "index": 7,
        "path": "exp2_inst@ones_complement_lshifter",
        "module": "ones_complement_30"
    },
    {
        "index": 8,
        "path": "exp2_inst@ones_complement_lutb",
        "module": "ones_complement_23"
    },
    {
        "index": 9,
        "path": "exp2_inst@ones_complement_mult",
        "module": "ones_complement_25"
    },
    {
        "index": 10,
        "path": "exp2_inst@ones_complement_muxa",
        "module": "ones_complement_23"
    },
    {
        "index": 11,
        "path": "exp2_inst@log2_inst@adder_luta",
        "module": "sum_ripple_carry_adder_5_0"
    },
    {
        "index": 12,
        "path": "exp2_inst@log2_inst@adderb",
        "module": "sum_ripple_carry_adder_23_0"
    },
    {
        "index": 13,
        "path": "exp2_inst@log2_inst@adderc",
        "module": "sum_ripple_carry_adder_26_0"
    },
    {
        "index": 14,
        "path": "exp2_inst@log2_inst@adderd",
        "module": "sum_ripple_carry_adder_7_0"
    },
    {
        "index": 15,
        "path": "exp2_inst@log2_inst@addere",
        "module": "sum_ripple_carry_adder_32_0"
    },
    {
        "index": 16,
        "path": "exp2_inst@log2_inst@adderf",
        "module": "sum_ripple_carry_adder_7_1"
    },
    {
        "index": 17,
        "path": "exp2_inst@log2_inst@case_ieee32",
        "module": "log2_ieee"
    },
    {
        "index": 18,
        "path": "exp2_inst@log2_inst@constants_sub",
        "module": "sum_ripple_carry_adder_23_0"
    },
    {
        "index": 19,
        "path": "exp2_inst@log2_inst@ones_complement_adderc",
        "module": "ones_complement_32"
    },
    {
        "index": 20,
        "path": "exp2_inst@log2_inst@ones_complement_adderd",
        "module": "ones_complement_7"
    },
    {
        "index": 21,
        "path": "exp2_inst@log2_inst@ones_complement_luta",
        "module": "ones_complement_23"
    },
    {
        "index": 22,
        "path": "exp2_inst@log2_inst@ones_complement_lutb",
        "module": "ones_complement_23"
    },
    {
        "index": 23,
        "path": "exp2_inst@log2_inst@ones_complement_mult",
        "module": "ones_complement_26"
    }
]