[
    {
        "module": "\\$paramod$3252fe89cd119cf7c3ef25b9a50779b2d8d95ba3\\DSR_left_N_S",
        "instance": "dsl1",
        "children": [],
        "target_module": "\\$paramod$3252fe89cd119cf7c3ef25b9a50779b2d8d95ba3\\DSR_left_N_S_sbtr",
        "index": 0
    },
    {
        "module": "\\$paramod$1bac373892e36610c5170080d2d7c9af8c4094ae\\DSR_right_N_S",
        "instance": "dsr2",
        "children": [],
        "target_module": "\\$paramod$1bac373892e36610c5170080d2d7c9af8c4094ae\\DSR_right_N_S_sbtr",
        "index": 1
    },
    {
        "module": "\\$paramod$3577d9ae3c9b73f357e25bd84ec5a3070f934580\\data_extract_v1",
        "instance": "uut_de1",
        "children": [
            {
                "module": "\\$paramod$3252fe89cd119cf7c3ef25b9a50779b2d8d95ba3\\DSR_left_N_S",
                "instance": "ls",
                "target_module": "\\$paramod$3252fe89cd119cf7c3ef25b9a50779b2d8d95ba3\\DSR_left_N_S_sbtr",
                "children": [],
                "index": 0
            },
            {
                "module": "\\$paramod\\LOD_N\\N=s32'00000000000000000000000000010000",
                "instance": "xinst_k",
                "target_module": "\\$paramod\\LOD_N\\N=s32'00000000000000000000000000010000_sbtr",
                "children": [],
                "index": 1
            }
        ],
        "target_module": null,
        "index": 2
    }
]