SR Pos,Signal Name,Signal Type,Source Line Number,Source File Name,File Path
0,\l1.genblk1.genblk1.h.genblk1.genblk1.h.genblk1.genblk1.h.out,wire,6,/home/juancho/Documents/GitHub/EmuFaultSim/BenchpyRTLFIv1/Benchmarks/Cores/posit_add/sbtr/Module_2_gate.v,/home/juancho/Documents/GitHub/EmuFaultSim/BenchpyRTLFIv1/FI/sabotuer_scripts
1,\l1.genblk1.genblk1.h.genblk1.genblk1.h.genblk1.genblk1.h.rtil_signal_0_,wire,7,/home/juancho/Documents/GitHub/EmuFaultSim/BenchpyRTLFIv1/Benchmarks/Cores/posit_add/sbtr/Module_2_gate.v,/home/juancho/Documents/GitHub/EmuFaultSim/BenchpyRTLFIv1/FI/sabotuer_scripts
2,\l1.genblk1.genblk1.h.genblk1.genblk1.h.genblk1.genblk1.h.vld,wire,8,/home/juancho/Documents/GitHub/EmuFaultSim/BenchpyRTLFIv1/Benchmarks/Cores/posit_add/sbtr/Module_2_gate.v,/home/juancho/Documents/GitHub/EmuFaultSim/BenchpyRTLFIv1/FI/sabotuer_scripts
3,\l1.genblk1.genblk1.h.genblk1.genblk1.h.genblk1.genblk1.l.out,wire,9,/home/juancho/Documents/GitHub/EmuFaultSim/BenchpyRTLFIv1/Benchmarks/Cores/posit_add/sbtr/Module_2_gate.v,/home/juancho/Documents/GitHub/EmuFaultSim/BenchpyRTLFIv1/FI/sabotuer_scripts
4,\l1.genblk1.genblk1.h.genblk1.genblk1.h.genblk1.genblk1.l.rtil_signal_0_,wire,10,/home/juancho/Documents/GitHub/EmuFaultSim/BenchpyRTLFIv1/Benchmarks/Cores/posit_add/sbtr/Module_2_gate.v,/home/juancho/Documents/GitHub/EmuFaultSim/BenchpyRTLFIv1/FI/sabotuer_scripts
5,\l1.genblk1.genblk1.h.genblk1.genblk1.h.genblk1.genblk1.l.vld,wire,11,/home/juancho/Documents/GitHub/EmuFaultSim/BenchpyRTLFIv1/Benchmarks/Cores/posit_add/sbtr/Module_2_gate.v,/home/juancho/Documents/GitHub/EmuFaultSim/BenchpyRTLFIv1/FI/sabotuer_scripts
6,\l1.genblk1.genblk1.h.genblk1.genblk1.h.out[0],wire,12,/home/juancho/Documents/GitHub/EmuFaultSim/BenchpyRTLFIv1/Benchmarks/Cores/posit_add/sbtr/Module_2_gate.v,/home/juancho/Documents/GitHub/EmuFaultSim/BenchpyRTLFIv1/FI/sabotuer_scripts
7,\l1.genblk1.genblk1.h.genblk1.genblk1.h.out[1],wire,13,/home/juancho/Documents/GitHub/EmuFaultSim/BenchpyRTLFIv1/Benchmarks/Cores/posit_add/sbtr/Module_2_gate.v,/home/juancho/Documents/GitHub/EmuFaultSim/BenchpyRTLFIv1/FI/sabotuer_scripts
8,\l1.genblk1.genblk1.h.genblk1.genblk1.h.vld,wire,14,/home/juancho/Documents/GitHub/EmuFaultSim/BenchpyRTLFIv1/Benchmarks/Cores/posit_add/sbtr/Module_2_gate.v,/home/juancho/Documents/GitHub/EmuFaultSim/BenchpyRTLFIv1/FI/sabotuer_scripts
9,\l1.genblk1.genblk1.h.genblk1.genblk1.l.genblk1.genblk1.h.out,wire,15,/home/juancho/Documents/GitHub/EmuFaultSim/BenchpyRTLFIv1/Benchmarks/Cores/posit_add/sbtr/Module_2_gate.v,/home/juancho/Documents/GitHub/EmuFaultSim/BenchpyRTLFIv1/FI/sabotuer_scripts
10,\l1.genblk1.genblk1.h.genblk1.genblk1.l.genblk1.genblk1.h.rtil_signal_0_,wire,16,/home/juancho/Documents/GitHub/EmuFaultSim/BenchpyRTLFIv1/Benchmarks/Cores/posit_add/sbtr/Module_2_gate.v,/home/juancho/Documents/GitHub/EmuFaultSim/BenchpyRTLFIv1/FI/sabotuer_scripts
11,\l1.genblk1.genblk1.h.genblk1.genblk1.l.genblk1.genblk1.h.vld,wire,17,/home/juancho/Documents/GitHub/EmuFaultSim/BenchpyRTLFIv1/Benchmarks/Cores/posit_add/sbtr/Module_2_gate.v,/home/juancho/Documents/GitHub/EmuFaultSim/BenchpyRTLFIv1/FI/sabotuer_scripts
12,\l1.genblk1.genblk1.h.genblk1.genblk1.l.genblk1.genblk1.l.out,wire,18,/home/juancho/Documents/GitHub/EmuFaultSim/BenchpyRTLFIv1/Benchmarks/Cores/posit_add/sbtr/Module_2_gate.v,/home/juancho/Documents/GitHub/EmuFaultSim/BenchpyRTLFIv1/FI/sabotuer_scripts
13,\l1.genblk1.genblk1.h.genblk1.genblk1.l.genblk1.genblk1.l.rtil_signal_0_,wire,19,/home/juancho/Documents/GitHub/EmuFaultSim/BenchpyRTLFIv1/Benchmarks/Cores/posit_add/sbtr/Module_2_gate.v,/home/juancho/Documents/GitHub/EmuFaultSim/BenchpyRTLFIv1/FI/sabotuer_scripts
14,\l1.genblk1.genblk1.h.genblk1.genblk1.l.genblk1.genblk1.l.vld,wire,20,/home/juancho/Documents/GitHub/EmuFaultSim/BenchpyRTLFIv1/Benchmarks/Cores/posit_add/sbtr/Module_2_gate.v,/home/juancho/Documents/GitHub/EmuFaultSim/BenchpyRTLFIv1/FI/sabotuer_scripts
15,\l1.genblk1.genblk1.h.genblk1.genblk1.l.out[0],wire,21,/home/juancho/Documents/GitHub/EmuFaultSim/BenchpyRTLFIv1/Benchmarks/Cores/posit_add/sbtr/Module_2_gate.v,/home/juancho/Documents/GitHub/EmuFaultSim/BenchpyRTLFIv1/FI/sabotuer_scripts
16,\l1.genblk1.genblk1.h.genblk1.genblk1.l.out[1],wire,22,/home/juancho/Documents/GitHub/EmuFaultSim/BenchpyRTLFIv1/Benchmarks/Cores/posit_add/sbtr/Module_2_gate.v,/home/juancho/Documents/GitHub/EmuFaultSim/BenchpyRTLFIv1/FI/sabotuer_scripts
17,\l1.genblk1.genblk1.h.genblk1.genblk1.l.vld,wire,23,/home/juancho/Documents/GitHub/EmuFaultSim/BenchpyRTLFIv1/Benchmarks/Cores/posit_add/sbtr/Module_2_gate.v,/home/juancho/Documents/GitHub/EmuFaultSim/BenchpyRTLFIv1/FI/sabotuer_scripts
18,\l1.genblk1.genblk1.h.out[0],wire,24,/home/juancho/Documents/GitHub/EmuFaultSim/BenchpyRTLFIv1/Benchmarks/Cores/posit_add/sbtr/Module_2_gate.v,/home/juancho/Documents/GitHub/EmuFaultSim/BenchpyRTLFIv1/FI/sabotuer_scripts
19,\l1.genblk1.genblk1.h.out[1],wire,25,/home/juancho/Documents/GitHub/EmuFaultSim/BenchpyRTLFIv1/Benchmarks/Cores/posit_add/sbtr/Module_2_gate.v,/home/juancho/Documents/GitHub/EmuFaultSim/BenchpyRTLFIv1/FI/sabotuer_scripts
20,\l1.genblk1.genblk1.h.out[2],wire,26,/home/juancho/Documents/GitHub/EmuFaultSim/BenchpyRTLFIv1/Benchmarks/Cores/posit_add/sbtr/Module_2_gate.v,/home/juancho/Documents/GitHub/EmuFaultSim/BenchpyRTLFIv1/FI/sabotuer_scripts
21,\l1.genblk1.genblk1.h.vld,wire,27,/home/juancho/Documents/GitHub/EmuFaultSim/BenchpyRTLFIv1/Benchmarks/Cores/posit_add/sbtr/Module_2_gate.v,/home/juancho/Documents/GitHub/EmuFaultSim/BenchpyRTLFIv1/FI/sabotuer_scripts
22,\l1.genblk1.genblk1.l.genblk1.genblk1.h.genblk1.genblk1.h.out,wire,28,/home/juancho/Documents/GitHub/EmuFaultSim/BenchpyRTLFIv1/Benchmarks/Cores/posit_add/sbtr/Module_2_gate.v,/home/juancho/Documents/GitHub/EmuFaultSim/BenchpyRTLFIv1/FI/sabotuer_scripts
23,\l1.genblk1.genblk1.l.genblk1.genblk1.h.genblk1.genblk1.h.rtil_signal_0_,wire,29,/home/juancho/Documents/GitHub/EmuFaultSim/BenchpyRTLFIv1/Benchmarks/Cores/posit_add/sbtr/Module_2_gate.v,/home/juancho/Documents/GitHub/EmuFaultSim/BenchpyRTLFIv1/FI/sabotuer_scripts
24,\l1.genblk1.genblk1.l.genblk1.genblk1.h.genblk1.genblk1.h.vld,wire,30,/home/juancho/Documents/GitHub/EmuFaultSim/BenchpyRTLFIv1/Benchmarks/Cores/posit_add/sbtr/Module_2_gate.v,/home/juancho/Documents/GitHub/EmuFaultSim/BenchpyRTLFIv1/FI/sabotuer_scripts
25,\l1.genblk1.genblk1.l.genblk1.genblk1.h.genblk1.genblk1.l.out,wire,31,/home/juancho/Documents/GitHub/EmuFaultSim/BenchpyRTLFIv1/Benchmarks/Cores/posit_add/sbtr/Module_2_gate.v,/home/juancho/Documents/GitHub/EmuFaultSim/BenchpyRTLFIv1/FI/sabotuer_scripts
26,\l1.genblk1.genblk1.l.genblk1.genblk1.h.genblk1.genblk1.l.rtil_signal_0_,wire,32,/home/juancho/Documents/GitHub/EmuFaultSim/BenchpyRTLFIv1/Benchmarks/Cores/posit_add/sbtr/Module_2_gate.v,/home/juancho/Documents/GitHub/EmuFaultSim/BenchpyRTLFIv1/FI/sabotuer_scripts
27,\l1.genblk1.genblk1.l.genblk1.genblk1.h.genblk1.genblk1.l.vld,wire,33,/home/juancho/Documents/GitHub/EmuFaultSim/BenchpyRTLFIv1/Benchmarks/Cores/posit_add/sbtr/Module_2_gate.v,/home/juancho/Documents/GitHub/EmuFaultSim/BenchpyRTLFIv1/FI/sabotuer_scripts
28,\l1.genblk1.genblk1.l.genblk1.genblk1.h.out[0],wire,34,/home/juancho/Documents/GitHub/EmuFaultSim/BenchpyRTLFIv1/Benchmarks/Cores/posit_add/sbtr/Module_2_gate.v,/home/juancho/Documents/GitHub/EmuFaultSim/BenchpyRTLFIv1/FI/sabotuer_scripts
29,\l1.genblk1.genblk1.l.genblk1.genblk1.h.out[1],wire,35,/home/juancho/Documents/GitHub/EmuFaultSim/BenchpyRTLFIv1/Benchmarks/Cores/posit_add/sbtr/Module_2_gate.v,/home/juancho/Documents/GitHub/EmuFaultSim/BenchpyRTLFIv1/FI/sabotuer_scripts
30,\l1.genblk1.genblk1.l.genblk1.genblk1.h.vld,wire,36,/home/juancho/Documents/GitHub/EmuFaultSim/BenchpyRTLFIv1/Benchmarks/Cores/posit_add/sbtr/Module_2_gate.v,/home/juancho/Documents/GitHub/EmuFaultSim/BenchpyRTLFIv1/FI/sabotuer_scripts
31,\l1.genblk1.genblk1.l.genblk1.genblk1.l.genblk1.genblk1.h.out,wire,37,/home/juancho/Documents/GitHub/EmuFaultSim/BenchpyRTLFIv1/Benchmarks/Cores/posit_add/sbtr/Module_2_gate.v,/home/juancho/Documents/GitHub/EmuFaultSim/BenchpyRTLFIv1/FI/sabotuer_scripts
32,\l1.genblk1.genblk1.l.genblk1.genblk1.l.genblk1.genblk1.h.rtil_signal_0_,wire,38,/home/juancho/Documents/GitHub/EmuFaultSim/BenchpyRTLFIv1/Benchmarks/Cores/posit_add/sbtr/Module_2_gate.v,/home/juancho/Documents/GitHub/EmuFaultSim/BenchpyRTLFIv1/FI/sabotuer_scripts
33,\l1.genblk1.genblk1.l.genblk1.genblk1.l.genblk1.genblk1.h.vld,wire,39,/home/juancho/Documents/GitHub/EmuFaultSim/BenchpyRTLFIv1/Benchmarks/Cores/posit_add/sbtr/Module_2_gate.v,/home/juancho/Documents/GitHub/EmuFaultSim/BenchpyRTLFIv1/FI/sabotuer_scripts
34,\l1.genblk1.genblk1.l.genblk1.genblk1.l.genblk1.genblk1.l.out,wire,40,/home/juancho/Documents/GitHub/EmuFaultSim/BenchpyRTLFIv1/Benchmarks/Cores/posit_add/sbtr/Module_2_gate.v,/home/juancho/Documents/GitHub/EmuFaultSim/BenchpyRTLFIv1/FI/sabotuer_scripts
35,\l1.genblk1.genblk1.l.genblk1.genblk1.l.genblk1.genblk1.l.rtil_signal_0_,wire,41,/home/juancho/Documents/GitHub/EmuFaultSim/BenchpyRTLFIv1/Benchmarks/Cores/posit_add/sbtr/Module_2_gate.v,/home/juancho/Documents/GitHub/EmuFaultSim/BenchpyRTLFIv1/FI/sabotuer_scripts
36,\l1.genblk1.genblk1.l.genblk1.genblk1.l.genblk1.genblk1.l.vld,wire,42,/home/juancho/Documents/GitHub/EmuFaultSim/BenchpyRTLFIv1/Benchmarks/Cores/posit_add/sbtr/Module_2_gate.v,/home/juancho/Documents/GitHub/EmuFaultSim/BenchpyRTLFIv1/FI/sabotuer_scripts
37,\l1.genblk1.genblk1.l.genblk1.genblk1.l.out[0],wire,43,/home/juancho/Documents/GitHub/EmuFaultSim/BenchpyRTLFIv1/Benchmarks/Cores/posit_add/sbtr/Module_2_gate.v,/home/juancho/Documents/GitHub/EmuFaultSim/BenchpyRTLFIv1/FI/sabotuer_scripts
38,\l1.genblk1.genblk1.l.genblk1.genblk1.l.out[1],wire,44,/home/juancho/Documents/GitHub/EmuFaultSim/BenchpyRTLFIv1/Benchmarks/Cores/posit_add/sbtr/Module_2_gate.v,/home/juancho/Documents/GitHub/EmuFaultSim/BenchpyRTLFIv1/FI/sabotuer_scripts
39,\l1.genblk1.genblk1.l.genblk1.genblk1.l.vld,wire,45,/home/juancho/Documents/GitHub/EmuFaultSim/BenchpyRTLFIv1/Benchmarks/Cores/posit_add/sbtr/Module_2_gate.v,/home/juancho/Documents/GitHub/EmuFaultSim/BenchpyRTLFIv1/FI/sabotuer_scripts
40,\l1.genblk1.genblk1.l.out[0],wire,46,/home/juancho/Documents/GitHub/EmuFaultSim/BenchpyRTLFIv1/Benchmarks/Cores/posit_add/sbtr/Module_2_gate.v,/home/juancho/Documents/GitHub/EmuFaultSim/BenchpyRTLFIv1/FI/sabotuer_scripts
41,\l1.genblk1.genblk1.l.out[1],wire,47,/home/juancho/Documents/GitHub/EmuFaultSim/BenchpyRTLFIv1/Benchmarks/Cores/posit_add/sbtr/Module_2_gate.v,/home/juancho/Documents/GitHub/EmuFaultSim/BenchpyRTLFIv1/FI/sabotuer_scripts
42,\l1.genblk1.genblk1.l.out[2],wire,48,/home/juancho/Documents/GitHub/EmuFaultSim/BenchpyRTLFIv1/Benchmarks/Cores/posit_add/sbtr/Module_2_gate.v,/home/juancho/Documents/GitHub/EmuFaultSim/BenchpyRTLFIv1/FI/sabotuer_scripts
43,\l1.genblk1.genblk1.l.vld,wire,49,/home/juancho/Documents/GitHub/EmuFaultSim/BenchpyRTLFIv1/Benchmarks/Cores/posit_add/sbtr/Module_2_gate.v,/home/juancho/Documents/GitHub/EmuFaultSim/BenchpyRTLFIv1/FI/sabotuer_scripts
44,\l1.out[0],wire,50,/home/juancho/Documents/GitHub/EmuFaultSim/BenchpyRTLFIv1/Benchmarks/Cores/posit_add/sbtr/Module_2_gate.v,/home/juancho/Documents/GitHub/EmuFaultSim/BenchpyRTLFIv1/FI/sabotuer_scripts
45,\l1.out[1],wire,51,/home/juancho/Documents/GitHub/EmuFaultSim/BenchpyRTLFIv1/Benchmarks/Cores/posit_add/sbtr/Module_2_gate.v,/home/juancho/Documents/GitHub/EmuFaultSim/BenchpyRTLFIv1/FI/sabotuer_scripts
46,\l1.out[2],wire,52,/home/juancho/Documents/GitHub/EmuFaultSim/BenchpyRTLFIv1/Benchmarks/Cores/posit_add/sbtr/Module_2_gate.v,/home/juancho/Documents/GitHub/EmuFaultSim/BenchpyRTLFIv1/FI/sabotuer_scripts
47,\l1.out[3],wire,53,/home/juancho/Documents/GitHub/EmuFaultSim/BenchpyRTLFIv1/Benchmarks/Cores/posit_add/sbtr/Module_2_gate.v,/home/juancho/Documents/GitHub/EmuFaultSim/BenchpyRTLFIv1/FI/sabotuer_scripts
48,out,wire,55,/home/juancho/Documents/GitHub/EmuFaultSim/BenchpyRTLFIv1/Benchmarks/Cores/posit_add/sbtr/Module_2_gate.v,/home/juancho/Documents/GitHub/EmuFaultSim/BenchpyRTLFIv1/FI/sabotuer_scripts
49,out,wire,55,/home/juancho/Documents/GitHub/EmuFaultSim/BenchpyRTLFIv1/Benchmarks/Cores/posit_add/sbtr/Module_2_gate.v,/home/juancho/Documents/GitHub/EmuFaultSim/BenchpyRTLFIv1/FI/sabotuer_scripts
50,out,wire,55,/home/juancho/Documents/GitHub/EmuFaultSim/BenchpyRTLFIv1/Benchmarks/Cores/posit_add/sbtr/Module_2_gate.v,/home/juancho/Documents/GitHub/EmuFaultSim/BenchpyRTLFIv1/FI/sabotuer_scripts
51,out,wire,55,/home/juancho/Documents/GitHub/EmuFaultSim/BenchpyRTLFIv1/Benchmarks/Cores/posit_add/sbtr/Module_2_gate.v,/home/juancho/Documents/GitHub/EmuFaultSim/BenchpyRTLFIv1/FI/sabotuer_scripts
