[
    {
        "index": 0,
        "path": "shd@\\win_l:1.suma",
        "module": "window_sum_13_450_7"
    },
    {
        "index": 1,
        "path": "shd@\\win_l:2.suma",
        "module": "window_sum_13_450_7"
    },
    {
        "index": 2,
        "path": "shd@\\win_l:3.suma",
        "module": "window_sum_13_450_7"
    },
    {
        "index": 3,
        "path": "shd@\\win_l:4.suma",
        "module": "window_sum_13_450_7"
    },
    {
        "index": 4,
        "path": "shd@\\win_l:5.suma",
        "module": "window_sum_13_450_7"
    }
]